id,type,title,description_plain,source_page
bo-01,barrier,Size of the informal economy,"Marginal insight into the informal economy, limiting accurate taxpayer identification and tax-liability calculation.",15
bo-02,barrier,Weak motivation for voluntary compliance,"Taxpayer trust gaps driven by perceived inconsistency, weak transparency and uneven treatment, undermining willingness to pay taxes.",15
bo-03,barrier,Inadequate digital technology adoption,"Limited use of integrated data and analytics to identify risk, address non-compliance and widen the tax base.",15
bo-04,barrier,"ICT performance, incomplete digitalisation & poor data integration","Reliance on manual/semi-automated processes, system instability, ageing infrastructure, and fragmented, poorly integrated systems.",15
bo-05,barrier,Organisational design and capacity gaps,"Capacity and skills gaps in strategic planning, project execution, change management, procurement, investigations, ICT and HR.",15
bo-06,barrier,"Compliance, governance and accountability","Low voluntary compliance, a narrowing tax base, and delayed implementation of audit recommendations and recurring governance gaps.",15
bo-07,barrier,"Risk management, cybersecurity and institutional integrity","Rising cybersecurity exposure, ineffective internal communication and weak leadership engagement on integrity issues.",15
bo-08,opportunity,Improve external stakeholder engagement quality,"Improve taxpayer perception of fairness and transparency, offer simple self-service digital tools, and boost partner and development-partner confidence.",16
bo-09,opportunity,Improve insight into the informal economy and taxpayers,"Better understand the informal economy, taxpayer needs, behaviours and risks, and expand access to third-party data across government and private institutions.",16
