id,year,date,milestone,related_kpa,source_page
tl-01,2025,2025-06,Cabinet adopts the Medium Term Revenue Strategy (MTRS),kpa1,3
tl-02,2025,2025-09,"MTRS officially launched (covers FY2025/26–2027/28, overlaps CP-7)",kpa1,3
tl-03,2026,2026-03-18,Presidential Tax Reform Commission submits final report: 284 reform proposals in 7 areas,kpa1,3
tl-04,2026,2026-07,CP-7 begins — Year 1 (FY2026/27) targets take effect,,17
tl-05,2027,,Year 2 (FY2027/28) targets,,58
tl-06,2028,,Year 3 (FY2028/29) targets; Midterm (formative) evaluation planned,,45
tl-07,2029,,Year 4 (FY2029/30) targets,,58
tl-08,2030,,Year 5 (FY2030/31) — end of CP-7; End-Term (summative) review,,45
tl-09,2031,,"Target: Mainland tax revenue ~TZS 72,964.7bn; tax yield 18%; customs clearance ~2 days",kpa1,26
